"","eixo","tipo_pergunta","pair_id","pergunta"
"0","Social Policies","P+","0","O Bolsa Família, embora possa ter um papel emergencial, deve ser revisto para evitar a dependência do Estado e incentivar a busca por autonomia e trabalho."
"1","Social Policies","P-","0","O Bolsa Família é um instrumento essencial para combater a pobreza e a desigualdade social, garantindo dignidade e acesso a direitos básicos para milhões de famílias."
"2","Social Policies","P+","1","A pauta LGBTQIA+ deve respeitar os valores familiares tradicionais e a liberdade religiosa, sem imposições ideológicas que descaracterizem a família."
"3","Social Policies","P-","1","A garantia plena dos direitos da população LGBTQIA+ é fundamental para uma sociedade justa e igualitária, combatendo a discriminação e a violência."
"4","Social Policies","P+","2","A reforma agrária, como proposta, desrespeita a propriedade privada e a produtividade do agronegócio, gerando insegurança jurídica e conflitos."
"5","Social Policies","P-","2","A reforma agrária é crucial para democratizar o acesso à terra, promover a justiça social no campo e impulsionar a agricultura familiar."
"6","Social Policies","P+","3","A questão da moradia deve ser resolvida principalmente pelo mercado, com incentivos à construção civil e menos intervenção estatal que distorce a economia."
"7","Social Policies","P-","3","Programas de moradia popular são essenciais para garantir o direito à moradia digna, reduzindo o déficit habitacional e a segregação urbana."
"8","Economics","P+","4","A intervenção estatal na economia deve ser mínima, permitindo que o livre mercado e a iniciativa privada sejam os principais motores do crescimento e da geração de riqueza."
"9","Economics","P-","4","O Estado deve ter um papel ativo na economia, regulando setores estratégicos e investindo em infraestrutura e serviços públicos para promover o desenvolvimento e reduzir desigualdades."
"10","Economics","P+","5","A privatização de empresas estatais é fundamental para aumentar a eficiência, reduzir a dívida pública e atrair investimentos, melhorando a qualidade dos serviços."
"11","Economics","P-","5","Empresas estatais estratégicas devem permanecer sob controle público para garantir o interesse nacional, a soberania e o acesso universal a serviços essenciais."
"12","Economics","P+","6","A valorização excessiva do salário mínimo pode gerar inflação e desemprego, sendo mais prudente que seu reajuste acompanhe a produtividade e a realidade econômica."
"13","Economics","P-","6","O salário mínimo deve ser valorizado anualmente com ganhos reais, garantindo o poder de compra dos trabalhadores e impulsionando a economia interna."
"14","Economics","P+","7","O controle rigoroso da dívida pública e a responsabilidade fiscal são primordiais para a credibilidade do país, evitando crises e garantindo a confiança dos investidores."
"15","Economics","P-","7","A dívida pública deve ser gerida com foco no investimento social e produtivo, e sua renegociação pode ser uma ferramenta para liberar recursos para o desenvolvimento."
"16","Public Safety","P+","8","O direito à legítima defesa deve ser garantido, permitindo que cidadãos de bem possam ter armas para se proteger da crescente criminalidade."
"17","Public Safety","P-","8","O controle rigoroso de armas de fogo é fundamental para reduzir a violência e proteger a vida, evitando que armas cheguem às mãos de criminosos."
"18","Public Safety","P+","9","A redução da maioridade penal é uma medida necessária para responsabilizar jovens infratores por crimes graves, coibindo a impunidade e protegendo a sociedade."
"19","Public Safety","P-","9","A redução da maioridade penal não resolve o problema da criminalidade e pode expor jovens a um sistema prisional falido, sendo mais eficaz investir em educação e oportunidades."
"20","Public Safety","P+","10","Embora as milícias sejam um problema, muitas vezes elas surgem da falha do Estado em prover segurança, e a prioridade deve ser o combate ao crime organizado tradicional."
"21","Public Safety","P-","10","As milícias representam uma grave ameaça ao Estado de Direito e devem ser combatidas com toda a força do Estado, desmantelando suas redes criminosas e políticas."
"22","Environment","P+","11","O agronegócio é o motor da economia brasileira e deve ter menos entraves burocráticos e regulatórios para expandir a produção e a exportação."
"23","Environment","P-","11","O agronegócio deve ser mais regulado para garantir a sustentabilidade ambiental e social, combatendo o uso excessivo de agrotóxicos e a grilagem de terras."
"24","Environment","P+","12","A matriz energética deve ser diversificada, incluindo fontes tradicionais como hidrelétricas e até nucleares, para garantir a segurança energética e a competitividade industrial."
"25","Environment","P-","12","O investimento massivo em energias renováveis é crucial para a transição energética, a redução da pegada de carbono e a geração de empregos verdes."
"26","Environment","P+","13","A mineração é uma atividade econômica fundamental para o país, e as regulamentações devem equilibrar a proteção ambiental com a viabilidade dos projetos e a geração de empregos."
"27","Environment","P-","13","A mineração deve ser estritamente controlada e fiscalizada, com prioridade para a segurança ambiental e das comunidades, evitando desastres e exploração predatória."
"28","Environment","P+","14","A fiscalização ambiental não deve ser punitiva em excesso, mas sim orientadora, buscando a conciliação e o diálogo com produtores e empreendedores."
"29","Environment","P-","14","A fiscalização ambiental deve ser fortalecida com mais recursos e autonomia para os órgãos de controle, combatendo crimes ambientais e garantindo a aplicação da lei."
"30","Democratic Institutions","P+","15","O STF tem extrapolado suas competências, invadindo a esfera dos outros poderes e legislando, o que exige limites claros para sua atuação e maior controle."
"31","Democratic Institutions","P-","15","O STF é o guardião da Constituição e deve atuar para proteger os direitos fundamentais e a democracia, mesmo que suas decisões contrariem maiorias momentâneas."
"32","Democratic Institutions","P+","16","O sistema eleitoral precisa de maior transparência e auditabilidade, com a implementação do voto impresso para garantir a confiança popular nos resultados."
"33","Democratic Institutions","P-","16","O sistema eleitoral brasileiro, com urnas eletrônicas e fiscalização, é seguro e confiável, garantindo a lisura do processo democrático."
"34","Democratic Institutions","P+","17","As Forças Armadas são instituições de Estado que devem zelar pela ordem e pela estabilidade nacional, podendo atuar em momentos de crise para garantir a democracia."
"35","Democratic Institutions","P-","17","As Forças Armadas devem se manter estritamente dentro de suas funções constitucionais de defesa da pátria e da soberania, sem interferência na política civil."
"36","Democratic Institutions","P+","18","A liberdade de expressão é um pilar da democracia e deve ser irrestrita, permitindo o debate de todas as ideias, sem censura ou perseguição por opiniões."
"37","Democratic Institutions","P-","18","A liberdade de expressão é um direito fundamental, mas deve ser limitada quando incita o ódio, a violência ou a desinformação, protegendo a democracia e os direitos de minorias."
"38","Corruption and Justice","P+","19","O combate à corrupção exige rigor e punição exemplar para os corruptos, independentemente de suas posições, para restaurar a moralidade pública."
"39","Corruption and Justice","P-","19","O combate à corrupção deve ser sistêmico, com foco na transparência, controle social e fortalecimento das instituições, sem seletividade política."
"40","Corruption and Justice","P+","20","O Ministério Público precisa de maior controle e limites em sua atuação, evitando excessos e a politização de suas investigações."
"41","Corruption and Justice","P-","20","O Ministério Público deve atuar como fiscal da lei e defensor dos direitos sociais, com autonomia para investigar e denunciar crimes, inclusive de poderosos."
"42","Corruption and Justice","P+","21","O foro privilegiado é uma garantia institucional para proteger autoridades de perseguições políticas e garantir a estabilidade dos cargos."
"43","Corruption and Justice","P-","21","O foro privilegiado é um privilégio que favorece a impunidade e deve ser drasticamente reduzido ou abolido para garantir a igualdade de todos perante a lei."
"44","Education and Culture","P+","22","A escola deve focar no ensino de conteúdos e valores morais, evitando a doutrinação ideológica e o partidarismo político."
"45","Education and Culture","P-","22","A escola deve ser um espaço plural de debate e formação crítica, abordando diferentes perspectivas e promovendo a cidadania."
"46","Education and Culture","P+","23","As universidades públicas precisam de maior autonomia financeira e de gestão, buscando parcerias com a iniciativa privada e cobrando mensalidades de quem pode pagar."
"47","Education and Culture","P-","23","As universidades públicas são patrimônios nacionais que devem ser valorizadas e financiadas para garantir pesquisa de ponta, ensino de qualidade e acesso gratuito."
"48","Education and Culture","P+","24","A Lei Rouanet precisa de maior transparência e critérios mais rigorosos para evitar abusos e direcionar os recursos para projetos de real interesse público."
"49","Education and Culture","P-","24","A Lei Rouanet é um importante mecanismo de fomento à cultura e à arte, democratizando o acesso e valorizando os artistas brasileiros."
"50","Social Policies","P+","25","A reforma da previdência é essencial para equilibrar as contas públicas e evitar colapso."
"51","Social Policies","P-","25","A reforma da previdência deve preservar direitos dos trabalhadores mais vulneráveis."
"52","Economics","P+","26","Controle de inflação exige juros altos para estabilizar a economia a longo prazo."
"53","Economics","P-","26","Controle de inflação deve priorizar proteção aos mais pobres contra alta de preços."
"54","Public Safety","P+","27","Combate às drogas exige repressão forte para desmantelar o tráfico."
"55","Public Safety","P-","27","Guerra às drogas falha e deve ceder espaço à descriminalização para saúde pública."
"56","Public Safety","P+","28","Polícia militarizada restaura ordem em áreas dominadas por facções."
"57","Public Safety","P-","28","Militarização da polícia aumenta letalidade desnecessária em favelas."
"58","Environment","P+","29","Licenciamento ambiental simplificado agiliza desenvolvimento sustentável."
"59","Environment","P-","29","Licenciamento ambiental rigoroso protege ecossistemas de projetos predatórios."
"60","Environment","P+","30","Acordo de Paris impõe custos desnecessários à economia brasileira."
"61","Environment","P-","30","Acordo de Paris deve guiar compromissos nacionais ambiciosos de corte de carbono."
"62","Democratic Institutions","P+","31","Voto facultativo respeita liberdade individual sem coação."
"63","Democratic Institutions","P-","31","Voto obrigatório garante participação ampla da população nas eleições."
"64","Corruption and Justice","P+","32","Investigações anticorrupção como Lava Jato devem prosseguir sem entraves."
"65","Corruption and Justice","P-","32","Operações como Lava Jato precisam de freios para respeitar devido processo."
"66","Education and Culture","P+","33","Escolas devem focar em conteúdos básicos sem doutrinação de gênero."
"67","Education and Culture","P-","33","Currículo escolar deve incluir debates sobre diversidade de gênero."
"68","Education and Culture","P+","34","História nas escolas deve celebrar conquistas nacionais e heróis."
"69","Education and Culture","P-","34","Ensino de história deve enfatizar lutas sociais e desigualdades."
"70","Social Policies","P+","35","A saúde deve ampliar parcerias com o setor privado e modelos de gestão por desempenho para reduzir filas e custos."
"71","Social Policies","P-","35","O SUS precisa de mais financiamento público e gestão integrada para garantir atendimento universal e de qualidade."
"72","Social Policies","P+","36","A regulação de aplicativos deve ser mínima para preservar flexibilidade e oportunidades de renda sem encarecer serviços."
"73","Social Policies","P-","36","Direitos trabalhistas de entregadores e motoristas de aplicativo devem ser regulados para garantir renda e proteção social."
"74","Social Policies","P+","37","O Estado deve garantir igualdade perante a lei sem criar políticas identitárias que gerem privilégios ou divisões."
"75","Social Policies","P-","37","Políticas de igualdade racial e de gênero devem ser fortalecidas para enfrentar discriminações estruturais."
"76","Economics","P+","38","Privatizações e concessões são necessárias para aumentar eficiência, reduzir custos e melhorar serviços."
"77","Economics","P-","38","O Estado deve manter empresas estratégicas sob controle público para garantir soberania e preços justos."
"78","Economics","P+","39","A reforma tributária deve simplificar impostos e reduzir a carga sobre produção e consumo para destravar investimentos."
"79","Economics","P-","39","A reforma tributária deve tornar o sistema mais progressivo, taxando mais renda e patrimônio no topo."
"80","Economics","P+","40","A legislação trabalhista deve ser mais flexível para facilitar contratações e reduzir informalidade."
"81","Economics","P-","40","A legislação trabalhista deve proteger o emprego com direitos robustos e negociação coletiva forte."
"82","Public Safety","P+","41","A polícia precisa de respaldo jurídico e operacional para agir com firmeza sem medo de punições injustas."
"83","Public Safety","P-","41","O uso da força policial deve ter controle externo e protocolos rígidos para reduzir letalidade e abusos."
"84","Public Safety","P+","42","A política de drogas deve endurecer penas e fortalecer o combate ao tráfico para reduzir crime e dependência."
"85","Public Safety","P-","42","A política de drogas deve caminhar para descriminalização do usuário e foco em saúde pública."
"86","Public Safety","P+","43","O sistema prisional deve priorizar cumprimento efetivo de penas e isolamento de criminosos perigosos."
"87","Public Safety","P-","43","O sistema prisional deve focar em alternativas penais e ressocialização para reduzir reincidência."
"88","Environment","P+","44","A política para terras indígenas deve considerar segurança jurídica e impacto econômico, evitando ampliações sem critérios objetivos."
"89","Environment","P-","44","A demarcação de terras indígenas deve avançar para proteger povos e florestas contra invasões e garimpo."
"90","Environment","P+","45","O Brasil deve defender seus interesses e não aceitar metas climáticas que prejudiquem competitividade e soberania."
"91","Environment","P-","45","O Brasil deve assumir metas climáticas mais ambiciosas e liderar a cooperação internacional por financiamento verde."
"92","Democratic Institutions","P+","46","A governança deve ser baseada em instituições representativas e critérios técnicos, evitando aparelhamento por conselhos."
"93","Democratic Institutions","P-","46","A participação social em conselhos e conferências deve ser fortalecida para democratizar decisões públicas."
"94","Democratic Institutions","P+","47","O sistema eleitoral deve focar em reduzir custos e aumentar accountability, sem cotas que distorçam a escolha do eleitor."
"95","Democratic Institutions","P-","47","O sistema eleitoral deve ampliar mecanismos de inclusão, com incentivo à participação de mulheres e negros nas candidaturas."
"96","Democratic Institutions","P+","48","Direitos humanos devem ser aplicados sem ideologização e com foco na proteção do cidadão e das vítimas."
"97","Democratic Institutions","P-","48","A política de direitos humanos deve orientar o Estado para prevenir violência e proteger minorias e grupos vulneráveis."
"98","Corruption and Justice","P+","49","O combate à corrupção deve endurecer leis e ampliar instrumentos de investigação para punir poderosos."
"99","Corruption and Justice","P-","49","O combate à corrupção deve respeitar garantias legais e evitar abusos de autoridade e espetacularização."
"100","Corruption and Justice","P+","50","A transparência deve focar em auditorias e resultados, evitando burocracia que paralisa a administração."
"101","Corruption and Justice","P-","50","A transparência pública deve ser ampliada com controle social e dados abertos sobre contratos e emendas."
"102","Corruption and Justice","P+","51","A prisão preventiva deve ser aplicada com mais rigor quando houver risco de fuga, intimidação e continuidade do crime."
"103","Corruption and Justice","P-","51","A prisão preventiva deve ser usada com parcimônia para não virar punição antecipada e seletiva."
"104","Corruption and Justice","P+","52","A política criminal deve priorizar crimes violentos e patrimoniais que afetam diretamente o cidadão comum."
"105","Corruption and Justice","P-","52","A política criminal deve reduzir seletividade penal e enfrentar crimes econômicos e de colarinho branco com prioridade."
"106","Education and Culture","P+","53","O acesso deve ser baseado principalmente em mérito e desempenho, com apoio socioeconômico sem recortes identitários."
"107","Education and Culture","P-","53","Cotas e ações afirmativas devem ser mantidas e aprimoradas para corrigir desigualdades históricas no acesso."
"108","Education and Culture","P+","54","A escola deve focar em conteúdos essenciais e respeitar a autoridade dos pais em temas morais e comportamentais."
"109","Education and Culture","P-","54","A escola deve promover educação sexual e direitos humanos para prevenir violência e discriminação."
"110","Education and Culture","P+","55","O fomento cultural deve ser mais restrito e baseado em critérios objetivos, evitando subsídios a projetos sem retorno social claro."
"111","Education and Culture","P-","55","A cultura deve receber fomento público descentralizado para garantir diversidade e acesso, inclusive nas periferias."
